Number of Children,Average Wealth Rating
1,6.365746971736205
2,7.141414141414141
3,6.741935483870968
4,7.764705882352941
5,8.0
